File Path,EPSG Code,Projection,Spheroid,Semi-major Axis,Inverse Flattening,Datum,Unit,Unit Conversion Factor,GeoTransform Top Left X,GeoTransform Pixel Size X,GeoTransform Rotation X,GeoTransform Top Left Y,GeoTransform Rotation Y,GeoTransform Pixel Size Y
/Volumes/Expansion 1/DTM_UNZIP/Belleville-DTM-A/1km182830488802022LBELLEVILLE_DTM.tif,7019,Transverse_Mercator,,,,,,,283000.0,0.5,0.0,4889000.0,0.0,-0.5
/Volumes/Expansion 1/DTM_UNZIP/Belleville-DTM-B/1km183050486602022LBELLEVILLE_DTM.tif,7019,Transverse_Mercator,,,,,,,305000.0,0.5,0.0,4867000.0,0.0,-0.5
/Volumes/Expansion 1/DTM_UNZIP/Belleville-DTM-C/1km183190485802022LBELLEVILLE_DTM.tif,7019,Transverse_Mercator,,,,,,,319000.0,0.5,0.0,4859000.0,0.0,-0.5
/Volumes/Expansion 1/DTM_UNZIP/Belleville-DTM-D/1km183290485602022LBELLEVILLE_DTM.tif,7019,Transverse_Mercator,,,,,,,329000.0,0.5,0.0,4857000.0,0.0,-0.5
/Volumes/Expansion 1/DTM_UNZIP/Belleville-DTM-E/1km182800489802022LBELLEVILLE_DTM.tif,7019,Transverse_Mercator,,,,,,,280000.0,0.5,0.0,4899000.0,0.0,-0.5
/Volumes/Expansion 1/DTM_UNZIP/Belleville-DTM-P/1km182700496302022LBELLEVILLE_DTM.tif,7019,Transverse_Mercator,,,,,,,270000.0,0.5,0.0,4964000.0,0.0,-0.5
/Volumes/Expansion 1/DTM_UNZIP/Belleville-DTM-F/1km183010488902022LBELLEVILLE_DTM.tif,7019,Transverse_Mercator,,,,,,,301000.0,0.5,0.0,4890000.0,0.0,-0.5
/Volumes/Expansion 1/DTM_UNZIP/Belleville-DTM-G/1km183190489302022LBELLEVILLE_DTM.tif,7019,Transverse_Mercator,,,,,,,319000.0,0.5,0.0,4894000.0,0.0,-0.5
/Volumes/Expansion 1/DTM_UNZIP/Belleville-DTM-H/1km182810492602022LBELLEVILLE_DTM.tif,7019,Transverse_Mercator,,,,,,,281000.0,0.5,0.0,4927000.0,0.0,-0.5
/Volumes/Expansion 1/DTM_UNZIP/Belleville-DTM-I/1km183030490902022LBELLEVILLE_DTM.tif,7019,Transverse_Mercator,,,,,,,303000.0,0.5,0.0,4910000.0,0.0,-0.5
/Volumes/Expansion 1/DTM_UNZIP/Belleville-DTM-J/1km183220490902022LBELLEVILLE_DTM.tif,7019,Transverse_Mercator,,,,,,,322000.0,0.5,0.0,4910000.0,0.0,-0.5
/Volumes/Expansion 1/DTM_UNZIP/Belleville-DTM-K/1km183400489302022LBELLEVILLE_DTM.tif,7019,Transverse_Mercator,,,,,,,340000.0,0.5,0.0,4894000.0,0.0,-0.5
/Volumes/Expansion 1/DTM_UNZIP/Belleville-DTM-L/1km182750494402022LBELLEVILLE_DTM.tif,7019,Transverse_Mercator,,,,,,,275000.0,0.5,0.0,4945000.0,0.0,-0.5
/Volumes/Expansion 1/DTM_UNZIP/Belleville-DTM-M/1km182980492802022LBELLEVILLE_DTM.tif,7019,Transverse_Mercator,,,,,,,298000.0,0.5,0.0,4929000.0,0.0,-0.5
/Volumes/Expansion 1/DTM_UNZIP/Belleville-DTM-N/1km183180492802022LBELLEVILLE_DTM.tif,7019,Transverse_Mercator,,,,,,,318000.0,0.5,0.0,4929000.0,0.0,-0.5
/Volumes/Expansion 1/DTM_UNZIP/Belleville-DTM-O/1km183380492802022LBELLEVILLE_DTM.tif,7019,Transverse_Mercator,,,,,,,338000.0,0.5,0.0,4929000.0,0.0,-0.5
/Volumes/Expansion 1/DTM_UNZIP/Belleville-DTM-Q/1km182910494602022LBELLEVILLE_DTM.tif,7019,Transverse_Mercator,,,,,,,291000.0,0.5,0.0,4947000.0,0.0,-0.5
/Volumes/Expansion 1/DTM_UNZIP/Belleville-DTM-R/1km183100494602022LBELLEVILLE_DTM.tif,7019,Transverse_Mercator,,,,,,,310000.0,0.5,0.0,4947000.0,0.0,-0.5
/Volumes/Expansion 1/DTM_UNZIP/Belleville-DTM-S/1km182500498502022LBELLEVILLE_DTM.tif,7019,Transverse_Mercator,,,,,,,250000.0,0.5,0.0,4986000.0,0.0,-0.5
/Volumes/Expansion 1/DTM_UNZIP/Belleville-DTM-T/1km182700496502022LBELLEVILLE_DTM.tif,7019,Transverse_Mercator,,,,,,,270000.0,0.5,0.0,4966000.0,0.0,-0.5
/Volumes/Expansion 1/DTM_UNZIP/Belleville-DTM-U/1km182830496502022LBELLEVILLE_DTM.tif,7019,Transverse_Mercator,,,,,,,283000.0,0.5,0.0,4966000.0,0.0,-0.5
/Volumes/Expansion 1/DTM_UNZIP/Belleville-DTM-V/1km183040496502022LBELLEVILLE_DTM.tif,7019,Transverse_Mercator,,,,,,,304000.0,0.5,0.0,4966000.0,0.0,-0.5
/Volumes/Expansion 1/DTM_UNZIP/CLOCA_Lidar_DTM-A/1km176530487602018LCLOCA_DTM.img,7019,Transverse_Mercator,,,,,meters,1,653488.0,0.5,0.0,4877000.0,0.0,-0.5
/Volumes/Expansion 1/DTM_UNZIP/EasternOntario-DTM-01/1km183330488202022LEASTERNONTARIO_DTM.tif,7019,Transverse_Mercator,,,,,,,333000.0,0.5,0.0,4883000.0,0.0,-0.5
/Volumes/Expansion 1/DTM_UNZIP/EasternOntario-DTM-02/1km183700489702022LEASTERNONTARIO_DTM.tif,7019,Transverse_Mercator,,,,,,,370000.0,0.5,0.0,4898000.0,0.0,-0.5
/Volumes/Expansion 1/DTM_UNZIP/EasternOntario-DTM-03/1km183520493302022LEASTERNONTARIO_DTM.tif,7019,Transverse_Mercator,,,,,,,352000.0,0.5,0.0,4934000.0,0.0,-0.5
/Volumes/Expansion 1/DTM_UNZIP/EasternOntario-DTM-04/1km183820491002022LEASTERNONTARIO_DTM.tif,7019,Transverse_Mercator,,,,,,,382000.0,0.5,0.0,4911000.0,0.0,-0.5
/Volumes/Expansion 1/DTM_UNZIP/EasternOntario-DTM-05/1km184100491002021LEASTERNONTARIO_DTM.tif,7019,Transverse_Mercator,,,,,,,410000.0,0.5,0.0,4911000.0,0.0,-0.5
/Volumes/Expansion 1/DTM_UNZIP/EasternOntario-DTM-06/1km183330495502021LEASTERNONTARIO_DTM.tif,7019,Transverse_Mercator,,,,,,,333000.0,0.5,0.0,4956000.0,0.0,-0.5
/Volumes/Expansion 1/DTM_UNZIP/EasternOntario-DTM-07/1km183650493402022LEASTERNONTARIO_DTM.tif,7019,Transverse_Mercator,,,,,,,365000.0,0.5,0.0,4935000.0,0.0,-0.5
/Volumes/Expansion 1/DTM_UNZIP/EasternOntario-DTM-08/1km183900494302022LEASTERNONTARIO_DTM.tif,7019,Transverse_Mercator,,,,,,,390000.0,0.5,0.0,4944000.0,0.0,-0.5
/Volumes/Expansion 1/DTM_UNZIP/EasternOntario-DTM-09/1km184250493702022LEASTERNONTARIO_DTM.tif,7019,Transverse_Mercator,,,,,,,425000.0,0.5,0.0,4938000.0,0.0,-0.5
/Volumes/Expansion 1/DTM_UNZIP/EasternOntario-DTM-10/1km183130497702021LEASTERNONTARIO_DTM.tif,7019,Transverse_Mercator,,,,,,,313000.0,0.5,0.0,4978000.0,0.0,-0.5
/Volumes/Expansion 1/DTM_UNZIP/EasternOntario-DTM-11/1km183480495802022LEASTERNONTARIO_DTM.tif,7019,Transverse_Mercator,,,,,,,348000.0,0.5,0.0,4959000.0,0.0,-0.5
/Volumes/Expansion 1/DTM_UNZIP/EasternOntario-DTM-12/1km183710495802022LEASTERNONTARIO_DTM.tif,7019,Transverse_Mercator,,,,,,,371000.0,0.5,0.0,4959000.0,0.0,-0.5
/Volumes/Expansion 1/DTM_UNZIP/EasternOntario-DTM-13/1km183950495802022LEASTERNONTARIO_DTM.tif,7019,Transverse_Mercator,,,,,,,395000.0,0.5,0.0,4959000.0,0.0,-0.5
/Volumes/Expansion 1/DTM_UNZIP/EasternOntario-DTM-14/1km184220495802022LEASTERNONTARIO_DTM.tif,7019,Transverse_Mercator,,,,,,,422000.0,0.5,0.0,4959000.0,0.0,-0.5
/Volumes/Expansion 1/DTM_UNZIP/EasternOntario-DTM-15/1km184500495802022LEASTERNONTARIO_DTM.tif,7019,Transverse_Mercator,,,,,,,450000.0,0.5,0.0,4959000.0,0.0,-0.5
/Volumes/Expansion 1/DTM_UNZIP/EasternOntario-DTM-16/1km183150498102021LEASTERNONTARIO_DTM.tif,7019,Transverse_Mercator,,,,,,,315000.0,0.5,0.0,4982000.0,0.0,-0.5
/Volumes/Expansion 1/DTM_UNZIP/EasternOntario-DTM-17/1km183450498102021LEASTERNONTARIO_DTM.tif,7019,Transverse_Mercator,,,,,,,345000.0,0.5,0.0,4982000.0,0.0,-0.5
/Volumes/Expansion 1/DTM_UNZIP/EasternOntario-DTM-18/1km183620498102021LEASTERNONTARIO_DTM.tif,7019,Transverse_Mercator,,,,,,,362000.0,0.5,0.0,4982000.0,0.0,-0.5
/Volumes/Expansion 1/DTM_UNZIP/EasternOntario-DTM-19/1km183800498102022LEASTERNONTARIO_DTM.tif,7019,Transverse_Mercator,,,,,,,380000.0,0.5,0.0,4982000.0,0.0,-0.5
/Volumes/Expansion 1/DTM_UNZIP/EasternOntario-DTM-20/1km183800499902021LEASTERNONTARIO_DTM.tif,7019,Transverse_Mercator,,,,,,,380000.0,0.5,0.0,5000000.0,0.0,-0.5
/Volumes/Expansion 1/DTM_UNZIP/EasternOntario-DTM-21/1km184020498102022LEASTERNONTARIO_DTM.tif,7019,Transverse_Mercator,,,,,,,402000.0,0.5,0.0,4982000.0,0.0,-0.5
/Volumes/Expansion 1/DTM_UNZIP/EasternOntario-DTM-22/1km184360498102022LEASTERNONTARIO_DTM.tif,7019,Transverse_Mercator,,,,,,,436000.0,0.5,0.0,4982000.0,0.0,-0.5
/Volumes/Expansion 1/DTM_UNZIP/EasternOntario-DTM-23/1km184670501302021LEASTERNONTARIO_DTM.tif,7019,Transverse_Mercator,,,,,,,467789.0,0.5,0.0,5014000.0,0.0,-0.5
/Volumes/Expansion 1/DTM_UNZIP/EasternOntario-DTM-24/1km184960499302021LEASTERNONTARIO_DTM.tif,7019,Transverse_Mercator,,,,,,,496000.0,0.5,0.0,4994000.0,0.0,-0.5
/Volumes/Expansion 1/DTM_UNZIP/EasternOntario-DTM-25/1km185190498302021LEASTERNONTARIO_DTM.tif,7019,Transverse_Mercator,,,,,,,519000.0,0.5,0.0,4984000.0,0.0,-0.5
/Volumes/Expansion 1/DTM_UNZIP/EasternOntario-DTM-26/1km184660501602021LEASTERNONTARIO_DTM.tif,7019,Transverse_Mercator,,,,,,,466760.5,0.5,0.0,5017000.0,0.0,-0.5
/Volumes/Expansion 1/DTM_UNZIP/EasternOntario-DTM-27/1km185050504602021LEASTERNONTARIO_DTM.tif,7019,Transverse_Mercator,,,,,,,505827.0,0.5,0.0,5047000.0,0.0,-0.5
/Volumes/Expansion 1/DTM_UNZIP/EasternOntario-DTM-28/1km185260501302022LEASTERNONTARIO_DTM.tif,7019,Transverse_Mercator,,,,,,,526000.0,0.5,0.0,5014000.0,0.0,-0.5
/Volumes/Expansion 1/DTM_UNZIP/GTA-Brampton-LidarDTM-A/1km175890483602015LBrampton_DTM.img,7019,Transverse_Mercator,,,,,meters,1,589000.0,0.5,0.0,4837000.0,0.0,-0.5
/Volumes/Expansion 1/DTM_UNZIP/GTA-Halton-LidarDTM-A/1km175690480902018LHalton_DTM.img,7019,Transverse_Mercator,,,,,meters,1,569000.0,0.5,0.0,4810000.0,0.0,-0.5
/Volumes/Expansion 1/DTM_UNZIP/GTA-Halton-LidarDTM-B/1km175920479202018LHalton_DTM.img,7019,Transverse_Mercator,,,,,meters,1,592000.0,0.5,0.0,4793000.0,0.0,-0.5
/Volumes/Expansion 1/DTM_UNZIP/GTA-Halton-LidarDTM-C/1km175710481402018LHalton_DTM.img,7019,Transverse_Mercator,,,,,meters,1,571000.0,0.5,0.0,4815000.0,0.0,-0.5
/Volumes/Expansion 1/DTM_UNZIP/GTA-Halton-LidarDTM-D/1km175900481402018LHalton_DTM.img,7019,Transverse_Mercator,,,,,meters,1,590000.0,0.5,0.0,4815000.0,0.0,-0.5
/Volumes/Expansion 1/DTM_UNZIP/GTA-Milton-LidarDTM-A/1km175620484902017LMilton_DTM.img,7019,Transverse_Mercator,,,,,meters,1,562397.9890057825,0.5,0.0,4850000.0,0.0,-0.5
/Volumes/Expansion 1/DTM_UNZIP/GTA-Peel-LidarDTM-A/1km175720485302016LPeel_DTM.img,7019,Transverse_Mercator,,,,,meters,1,572000.0,0.5,0.0,4854000.0,0.0,-0.5
/Volumes/Expansion 1/DTM_UNZIP/GTA-Peel-LidarDTM-B/1km175660485902016LPeel_DTM.img,7019,Transverse_Mercator,,,,,meters,1,566000.0,0.5,0.0,4860000.0,0.0,-0.5
/Volumes/Expansion 1/DTM_UNZIP/GTA2014-LidarDTM-A/1km175840486502014LGTA2014_DTM.img,7019,Transverse_Mercator,,,,,meters,1,584000.0,0.5,0.0,4866000.0,0.0,-0.5
/Volumes/Expansion 1/DTM_UNZIP/GTA2014-LidarDTM-B/1km176020483902014LGTA2014_DTM.img,7019,Transverse_Mercator,,,,,meters,1,602000.0,0.5,0.0,4840000.0,0.0,-0.5
/Volumes/Expansion 1/DTM_UNZIP/GTA2014-LidarDTM-C/1km176140484702014LGTA2014_DTM.img,7019,Transverse_Mercator,,,,,meters,1,614000.0,0.5,0.0,4848000.0,0.0,-0.5
/Volumes/Expansion 1/DTM_UNZIP/GTA2014-LidarDTM-D/1km176300485702014LGTA2014_DTM.img,7019,Transverse_Mercator,,,,,meters,1,630000.0,0.5,0.0,4858000.0,0.0,-0.5
/Volumes/Expansion 1/DTM_UNZIP/GTA2015-LidarDTM-A/1km175780486802015LGTA2015_DTM.img,7019,Transverse_Mercator,,,,,meters,1,578000.0,0.5,0.0,4869000.0,0.0,-0.5
/Volumes/Expansion 1/DTM_UNZIP/GTA2015-LidarDTM-B/1km175930483102015LGTA2015_DTM.img,7019,Transverse_Mercator,,,,,meters,1,593000.0,0.5,0.0,4832000.0,0.0,-0.5
/Volumes/Expansion 1/DTM_UNZIP/GTA2015-LidarDTM-C/1km176130481602015LGTA2015_DTM.img,7019,Transverse_Mercator,,,,,meters,1,613000.0,0.5,0.0,4817000.0,0.0,-0.5
/Volumes/Expansion 1/DTM_UNZIP/GTA2015-LidarDTM-D/1km176240483102015LGTA2015_DTM.img,7019,Transverse_Mercator,,,,,meters,1,624000.0,0.5,0.0,4832000.0,0.0,-0.5
/Volumes/Expansion 1/DTM_UNZIP/GTA2015-LidarDTM-E/1km176350483002015LGTA2015_DTM.img,7019,Transverse_Mercator,,,,,meters,1,635000.0,0.5,0.0,4831000.0,0.0,-0.5
/Volumes/Expansion 1/DTM_UNZIP/GTA2015-LidarDTM-F/1km176470484502015LGTA2015_DTM.img,7019,Transverse_Mercator,,,,,meters,1,647000.0,0.5,0.0,4846000.0,0.0,-0.5
/Volumes/Expansion 1/DTM_UNZIP/Hamilton-Niagara-DTM-A/1km175650480502021LNIAGARA_DTM.tif,7019,Transverse_Mercator,,,,,,,565000.0,0.5,0.0,4806000.0,0.0,-0.5
/Volumes/Expansion 1/DTM_UNZIP/Hamilton-Niagara-DTM-B/1km175840477802021LNIAGARA_DTM.tif,7019,Transverse_Mercator,,,,,,,584000.0,0.5,0.0,4779000.0,0.0,-0.5
/Volumes/Expansion 1/DTM_UNZIP/Hamilton-Niagara-DTM-C/1km176010477302021LNIAGARA_DTM.tif,7019,Transverse_Mercator,,,,,,,601000.0,0.5,0.0,4774000.0,0.0,-0.5
/Volumes/Expansion 1/DTM_UNZIP/Hamilton-Niagara-DTM-D/1km176210477302021LNIAGARA_DTM.tif,7019,Transverse_Mercator,,,,,,,621000.0,0.5,0.0,4774000.0,0.0,-0.5
/Volumes/Expansion 1/DTM_UNZIP/Hamilton-Niagara-DTM-E/1km176430477302021LNIAGARA_DTM.tif,7019,Transverse_Mercator,,,,,,,643000.0,0.5,0.0,4774000.0,0.0,-0.5
/Volumes/Expansion 1/DTM_UNZIP/Hamilton-Niagara-DTM-F/1km175880477002021LNIAGARA_DTM.tif,7019,Transverse_Mercator,,,,,,,588000.0,0.5,0.0,4771000.0,0.0,-0.5
/Volumes/Expansion 1/DTM_UNZIP/Hamilton-Niagara-DTM-G/1km176090475502021LNIAGARA_DTM.tif,7019,Transverse_Mercator,,,,,,,609000.0,0.5,0.0,4756000.0,0.0,-0.5
/Volumes/Expansion 1/DTM_UNZIP/Hamilton-Niagara-DTM-H/1km176250475802021LNIAGARA_DTM.tif,7019,Transverse_Mercator,,,,,,,625000.0,0.5,0.0,4759000.0,0.0,-0.5
/Volumes/Expansion 1/DTM_UNZIP/Hamilton-Niagara-DTM-I/1km176450475802021LNIAGARA_DTM.tif,7019,Transverse_Mercator,,,,,,,645000.0,0.5,0.0,4759000.0,0.0,-0.5
/Volumes/Expansion 1/DTM_UNZIP/Hamilton-Niagara-DTM-J/1km176220474402021LNIAGARA_DTM.tif,7019,Transverse_Mercator,,,,,,,622000.0,0.5,0.0,4745000.0,0.0,-0.5
/Volumes/Expansion 1/DTM_UNZIP/Hamilton-Niagara-DTM-K/1km176470474702021LNIAGARA_DTM.tif,7019,Transverse_Mercator,,,,,,,647000.0,0.5,0.0,4748000.0,0.0,-0.5
/Volumes/Expansion 1/DTM_UNZIP/HuronGeorgianBay-DTM-01/1km174400484302022LHURONGEORGIANBAY_DTM.tif,7019,Transverse_Mercator,,,,,,,440000.0,0.5,0.0,4844000.0,0.0,-0.5
/Volumes/Expansion 1/DTM_UNZIP/HuronGeorgianBay-DTM-02/1km174640483102022LHURONGEORGIANBAY_DTM.tif,7019,Transverse_Mercator,,,,,,,464000.0,0.5,0.0,4832000.0,0.0,-0.5
/Volumes/Expansion 1/DTM_UNZIP/HuronGeorgianBay-DTM-03/1km174860483002022LHURONGEORGIANBAY_DTM.tif,7019,Transverse_Mercator,,,,,,,486000.0,0.5,0.0,4831000.0,0.0,-0.5
/Volumes/Expansion 1/DTM_UNZIP/HuronGeorgianBay-DTM-04/1km175010481802022LHURONGEORGIANBAY_DTM.tif,7019,Transverse_Mercator,,,,,,,501000.0,0.5,0.0,4819000.0,0.0,-0.5
/Volumes/Expansion 1/DTM_UNZIP/HuronGeorgianBay-DTM-05/1km174410485302022LHURONGEORGIANBAY_DTM.tif,7019,Transverse_Mercator,,,,,,,441000.0,0.5,0.0,4854000.0,0.0,-0.5
/Volumes/Expansion 1/DTM_UNZIP/HuronGeorgianBay-DTM-06/1km174650485302022LHURONGEORGIANBAY_DTM.tif,7019,Transverse_Mercator,,,,,,,465000.0,0.5,0.0,4854000.0,0.0,-0.5
/Volumes/Expansion 1/DTM_UNZIP/HuronGeorgianBay-DTM-07/1km174880485302022LHURONGEORGIANBAY_DTM.tif,7019,Transverse_Mercator,,,,,,,488000.0,0.5,0.0,4854000.0,0.0,-0.5
/Volumes/Expansion 1/DTM_UNZIP/HuronGeorgianBay-DTM-08/1km175110485302022LHURONGEORGIANBAY_DTM.tif,7019,Transverse_Mercator,,,,,,,511000.0,0.5,0.0,4854000.0,0.0,-0.5
/Volumes/Expansion 1/DTM_UNZIP/HuronGeorgianBay-DTM-09/1km174390487802022LHURONGEORGIANBAY_DTM.tif,7019,Transverse_Mercator,,,,,,,439000.0,0.5,0.0,4879000.0,0.0,-0.5
/Volumes/Expansion 1/DTM_UNZIP/HuronGeorgianBay-DTM-10/1km174670487402022LHURONGEORGIANBAY_DTM.tif,7019,Transverse_Mercator,,,,,,,467000.0,0.5,0.0,4875000.0,0.0,-0.5
/Volumes/Expansion 1/DTM_UNZIP/HuronGeorgianBay-DTM-11/1km174900487402022LHURONGEORGIANBAY_DTM.tif,7019,Transverse_Mercator,,,,,,,490000.0,0.5,0.0,4875000.0,0.0,-0.5
/Volumes/Expansion 1/DTM_UNZIP/HuronGeorgianBay-DTM-12/1km175130487402022LHURONGEORGIANBAY_DTM.tif,7019,Transverse_Mercator,,,,,,,513000.0,0.5,0.0,4875000.0,0.0,-0.5
/Volumes/Expansion 1/DTM_UNZIP/HuronGeorgianBay-DTM-13/1km175320487402022LHURONGEORGIANBAY_DTM.tif,7019,Transverse_Mercator,,,,,,,532000.0,0.5,0.0,4875000.0,0.0,-0.5
/Volumes/Expansion 1/DTM_UNZIP/HuronGeorgianBay-DTM-14/1km174500489502022LHURONGEORGIANBAY_DTM.tif,7019,Transverse_Mercator,,,,,,,450000.0,0.5,0.0,4896000.0,0.0,-0.5
/Volumes/Expansion 1/DTM_UNZIP/HuronGeorgianBay-DTM-15/1km174760489502022LHURONGEORGIANBAY_DTM.tif,7019,Transverse_Mercator,,,,,,,476000.0,0.5,0.0,4896000.0,0.0,-0.5
/Volumes/Expansion 1/DTM_UNZIP/HuronGeorgianBay-DTM-16/1km174980489502022LHURONGEORGIANBAY_DTM.tif,7019,Transverse_Mercator,,,,,,,498000.0,0.5,0.0,4896000.0,0.0,-0.5
/Volumes/Expansion 1/DTM_UNZIP/HuronGeorgianBay-DTM-17/1km175180489502022LHURONGEORGIANBAY_DTM.tif,7019,Transverse_Mercator,,,,,,,518000.0,0.5,0.0,4896000.0,0.0,-0.5
/Volumes/Expansion 1/DTM_UNZIP/HuronGeorgianBay-DTM-18/1km175390489502022LHURONGEORGIANBAY_DTM.tif,7019,Transverse_Mercator,,,,,,,539000.0,0.5,0.0,4896000.0,0.0,-0.5
/Volumes/Expansion 1/DTM_UNZIP/HuronGeorgianBay-DTM-19/1km175570488102022LHURONGEORGIANBAY_DTM.tif,7019,Transverse_Mercator,,,,,,,557000.0,0.5,0.0,4882000.0,0.0,-0.5
/Volumes/Expansion 1/DTM_UNZIP/HuronGeorgianBay-DTM-20/1km175570489402022LHURONGEORGIANBAY_DTM.tif,7019,Transverse_Mercator,,,,,,,557000.0,0.5,0.0,4895000.0,0.0,-0.5
/Volumes/Expansion 1/DTM_UNZIP/HuronGeorgianBay-DTM-21/1km174600491702022LHURONGEORGIANBAY_DTM.tif,7019,Transverse_Mercator,,,,,,,460000.0,0.5,0.0,4918000.0,0.0,-0.5
/Volumes/Expansion 1/DTM_UNZIP/HuronGeorgianBay-DTM-22/1km174930491702022LHURONGEORGIANBAY_DTM.tif,7019,Transverse_Mercator,,,,,,,493000.0,0.5,0.0,4918000.0,0.0,-0.5
/Volumes/Expansion 1/DTM_UNZIP/HuronGeorgianBay-DTM-23/1km175170491702022LHURONGEORGIANBAY_DTM.tif,7019,Transverse_Mercator,,,,,,,517000.0,0.5,0.0,4918000.0,0.0,-0.5
/Volumes/Expansion 1/DTM_UNZIP/HuronGeorgianBay-DTM-24/1km175440493302022LHURONGEORGIANBAY_DTM.tif,7019,Transverse_Mercator,,,,,,,544000.0,0.5,0.0,4934000.0,0.0,-0.5
/Volumes/Expansion 1/DTM_UNZIP/HuronGeorgianBay-DTM-25/1km174690496302022LHURONGEORGIANBAY_DTM.tif,7019,Transverse_Mercator,,,,,,,469000.0,0.5,0.0,4964000.0,0.0,-0.5
/Volumes/Expansion 1/DTM_UNZIP/HuronGeorgianBay-DTM-26/1km174900493702022LHURONGEORGIANBAY_DTM.tif,7019,Transverse_Mercator,,,,,,,490000.0,0.5,0.0,4938000.0,0.0,-0.5
/Volumes/Expansion 1/DTM_UNZIP/HuronGeorgianBay-DTM-27/1km175780492302022LHURONGEORGIANBAY_DTM.tif,7019,Transverse_Mercator,,,,,,,578000.0,0.5,0.0,4924000.0,0.0,-0.5
/Volumes/Expansion 1/DTM_UNZIP/HuronGeorgianBay-DTM-28/1km175960491802022LHURONGEORGIANBAY_DTM.tif,7019,Transverse_Mercator,,,,,,,596000.0,0.5,0.0,4919000.0,0.0,-0.5
/Volumes/Expansion 1/DTM_UNZIP/HuronGeorgianBay-DTM-29/1km175590496402022LHURONGEORGIANBAY_DTM.tif,7019,Transverse_Mercator,,,,,,,559000.0,0.5,0.0,4965000.0,0.0,-0.5
/Volumes/Expansion 1/DTM_UNZIP/HuronGeorgianBay-DTM-30/1km175890494402022LHURONGEORGIANBAY_DTM.tif,7019,Transverse_Mercator,,,,,,,589000.0,0.5,0.0,4945000.0,0.0,-0.5
/Volumes/Expansion 1/DTM_UNZIP/HuronGeorgianBay-DTM-31/1km176040494402022LHURONGEORGIANBAY_DTM.tif,7019,Transverse_Mercator,,,,,,,604000.0,0.5,0.0,4945000.0,0.0,-0.5
/Volumes/Expansion 1/DTM_UNZIP/HuronGeorgianBay-DTM-32/1km176180494402022LHURONGEORGIANBAY_DTM.tif,7019,Transverse_Mercator,,,,,,,618000.0,0.5,0.0,4945000.0,0.0,-0.5
/Volumes/Expansion 1/DTM_UNZIP/HuronGeorgianBay-DTM-33/1km174770496902023LHURONGEORGIANBAY_DTM.tif,7019,Transverse_Mercator,,,,,,,477000.0,0.5,0.0,4970000.0,0.0,-0.5
/Volumes/Expansion 1/DTM_UNZIP/HuronGeorgianBay-DTM-34/1km174940495802023LHURONGEORGIANBAY_DTM.tif,7019,Transverse_Mercator,,,,,,,494000.0,0.5,0.0,4959000.0,0.0,-0.5
/Volumes/Expansion 1/DTM_UNZIP/HuronGeorgianBay-DTM-35/1km175240493802023LHURONGEORGIANBAY_DTM.tif,7019,Transverse_Mercator,,,,,,,524000.0,0.5,0.0,4939000.0,0.0,-0.5
/Volumes/Expansion 1/DTM_UNZIP/HuronGeorgianBay-DTM-36/1km175740492002023LHURONGEORGIANBAY_DTM.tif,7019,Transverse_Mercator,,,,,,,574000.0,0.5,0.0,4921000.0,0.0,-0.5
/Volumes/Expansion 1/DTM_UNZIP/HuronGeorgianBay-DTM-37/1km175770490702023LHURONGEORGIANBAY_DTM.tif,7019,Transverse_Mercator,,,,,,,577000.0,0.5,0.0,4908000.0,0.0,-0.5
/Volumes/Expansion 1/DTM_UNZIP/HuronGeorgianBay-DTM-38/1km175800489402023LHURONGEORGIANBAY_DTM.tif,7019,Transverse_Mercator,,,,,,,580000.0,0.5,0.0,4895000.0,0.0,-0.5
/Volumes/Expansion 1/DTM_UNZIP/HuronGeorgianBay-DTM-39/1km175830488002023LHURONGEORGIANBAY_DTM.tif,7019,Transverse_Mercator,,,,,,,583000.0,0.5,0.0,4881000.0,0.0,-0.5
/Volumes/Expansion 1/DTM_UNZIP/HuronGeorgianBay-DTM-40/1km174550499502023LHURONGEORGIANBAY_DTM.tif,7019,Transverse_Mercator,,,,,,,455000.0,0.5,0.0,4996000.0,0.0,-0.5
/Volumes/Expansion 1/DTM_UNZIP/HuronGeorgianBay-DTM-41/1km174380501702023LHURONGEORGIANBAY_DTM.tif,7019,Transverse_Mercator,,,,,,,438000.0,0.5,0.0,5018000.0,0.0,-0.5
/Volumes/Expansion 1/DTM_UNZIP/HuronShores-DTM-01/HuronShores-DTM-01/1km172950512702021LHURONSHORES_DTM.tif,7019,Transverse_Mercator,,,,,,,295383.0,0.5,0.0,5128000.0,0.0,-0.5
/Volumes/Expansion 1/DTM_UNZIP/KawarthaLakes-DTM-01/1km176560487702023LKAWARTHALAKES_DTM.tif,7019,Transverse_Mercator,,,,,,,656000.0,0.5,0.0,4878000.0,0.0,-0.5
/Volumes/Expansion 1/DTM_UNZIP/KawarthaLakes-DTM-02/1km176760488002023LKAWARTHALAKES_DTM.tif,7019,Transverse_Mercator,,,,,,,676000.0,0.5,0.0,4881000.0,0.0,-0.5
/Volumes/Expansion 1/DTM_UNZIP/KawarthaLakes-DTM-03/1km176610490102023LKAWARTHALAKES_DTM.tif,7019,Transverse_Mercator,,,,,,,661000.0,0.5,0.0,4902000.0,0.0,-0.5
/Volumes/Expansion 1/DTM_UNZIP/KawarthaLakes-DTM-04/1km176830490102023LKAWARTHALAKES_DTM.tif,7019,Transverse_Mercator,,,,,,,683000.0,0.5,0.0,4902000.0,0.0,-0.5
/Volumes/Expansion 1/DTM_UNZIP/KawarthaLakes-DTM-05/1km176490493702023LKAWARTHALAKES_DTM.tif,7019,Transverse_Mercator,,,,,,,649000.0,0.5,0.0,4938000.0,0.0,-0.5
/Volumes/Expansion 1/DTM_UNZIP/KawarthaLakes-DTM-06/1km176780492102023LKAWARTHALAKES_DTM.tif,7019,Transverse_Mercator,,,,,,,678000.0,0.5,0.0,4922000.0,0.0,-0.5
/Volumes/Expansion 1/DTM_UNZIP/KawarthaLakes-DTM-07/1km176410496102023LKAWARTHALAKES_DTM.tif,7019,Transverse_Mercator,,,,,,,641000.0,0.5,0.0,4962000.0,0.0,-0.5
/Volumes/Expansion 1/DTM_UNZIP/KawarthaLakes-DTM-08/1km176590494002023LKAWARTHALAKES_DTM.tif,7019,Transverse_Mercator,,,,,,,659000.0,0.5,0.0,4941000.0,0.0,-0.5
/Volumes/Expansion 1/DTM_UNZIP/KawarthaLakes-DTM-09/1km176720494002023LKAWARTHALAKES_DTM.tif,7019,Transverse_Mercator,,,,,,,672000.0,0.5,0.0,4941000.0,0.0,-0.5
/Volumes/Expansion 1/DTM_UNZIP/LEAP2009_DTM-A/A/1km182770487602008LEAP.img,7019,Transverse_Mercator,,,,,meters,1,277009.0,1.0,0.0,4877000.0,0.0,-1.0
/Volumes/Expansion 1/DTM_UNZIP/LEAP2009_DTM-B/B/1km182900487502008LEAP.img,7019,Transverse_Mercator,,,,,meters,1,290000.0,1.0,0.0,4876000.0,0.0,-1.0
/Volumes/Expansion 1/DTM_UNZIP/LEAP2009_DTM-C/C/1km183320488102008LEAP.img,7019,Transverse_Mercator,,,,,meters,1,332000.0,1.0,0.0,4882000.0,0.0,-1.0
/Volumes/Expansion 1/DTM_UNZIP/LEAP2009_DTM-D/D/1km183620491302008LEAP.img,7019,Transverse_Mercator,,,,,meters,1,362000.0,1.0,0.0,4914000.0,0.0,-1.0
/Volumes/Expansion 1/DTM_UNZIP/LEAP2009_DTM-E/E/1km184020490702008LEAP.img,7019,Transverse_Mercator,,,,,meters,1,402000.0,1.0,0.0,4908000.0,0.0,-1.0
/Volumes/Expansion 1/DTM_UNZIP/LIDAR2016to18_DTM-Crne-A/Cochrane_A/1km172830550502016LCOCHRANE.img,7019,Transverse_Mercator,,,,,meters,1,283563.0,0.5,0.0,5506000.0,0.0,-0.5
/Volumes/Expansion 1/DTM_UNZIP/LIDAR2016to18_DTM-Crne-B/Cochrane_B/1km173260549102016LCOCHRANE.img,7019,Transverse_Mercator,,,,,meters,1,326129.0,0.5,0.0,5492000.0,0.0,-0.5
/Volumes/Expansion 1/DTM_UNZIP/LIDAR2016to18_DTM-Crne-C/1km173620547902017LCOCHRANE.img,7019,Transverse_Mercator,,,,,meters,1,362000.0,0.5,0.0,5480000.0,0.0,-0.5
/Volumes/Expansion 1/DTM_UNZIP/LIDAR2016to18_DTM-Crne-D/Cochrane_D/1km173970546502016LCOCHRANE.img,7019,Transverse_Mercator,,,,,meters,1,397000.0,0.5,0.0,5466000.0,0.0,-0.5
/Volumes/Expansion 1/DTM_UNZIP/LIDAR2016to18_DTM-Crne-E/Cochrane_E/1km173970546302016LCOCHRANE.img,7019,Transverse_Mercator,,,,,meters,1,397050.0,0.5,0.0,5464000.0,0.0,-0.5
/Volumes/Expansion 1/DTM_UNZIP/LIDAR2016to18_DTM-Crne-F/Cochrane_F/1km174390544702017LCOCHRANE.img,7019,Transverse_Mercator,,,,,meters,1,439000.0,0.5,0.0,5448000.0,0.0,-0.5
/Volumes/Expansion 1/DTM_UNZIP/LIDAR2016to18_DTM-Crne-G/Cochrane_G/1km174730542702017LCOCHRANE.img,7019,Transverse_Mercator,,,,,meters,1,473088.0,0.5,0.0,5428000.0,0.0,-0.5
/Volumes/Expansion 1/DTM_UNZIP/LIDAR2016to18_DTM-Crne-H/Cochrane_H/1km174970542702017LCOCHRANE.img,7019,Transverse_Mercator,,,,,meters,1,497000.0,0.5,0.0,5428000.0,0.0,-0.5
/Volumes/Expansion 1/DTM_UNZIP/LIDAR2016to18_DTM-LkErie-A/1km173230465902017LLAKEERIE.img,7019,Transverse_Mercator,,,,,meters,1,323265.5,0.5,0.0,4660000.0,0.0,-0.5
/Volumes/Expansion 1/DTM_UNZIP/LIDAR2016to18_DTM-LkErie-B/1km173610465402017LLAKEERIE.img,7019,Transverse_Mercator,,,,,meters,1,361000.0,0.5,0.0,4655000.0,0.0,-0.5
/Volumes/Expansion 1/DTM_UNZIP/LIDAR2016to18_DTM-LkErie-C/1km173980467002017LLAKEERIE.img,7019,Transverse_Mercator,,,,,meters,1,398000.0,0.5,0.0,4671000.0,0.0,-0.5
/Volumes/Expansion 1/DTM_UNZIP/LIDAR2016to18_DTM-LkErie-D/1km173610470902017LLAKEERIE.img,7019,Transverse_Mercator,,,,,meters,1,361896.5,0.5,0.0,4709359.5,0.0,-0.5
/Volumes/Expansion 1/DTM_UNZIP/LIDAR2016to18_DTM-LkErie-E/1km174010470502017LLAKEERIE.img,7019,Transverse_Mercator,,,,,meters,1,401000.0,0.5,0.0,4706000.0,0.0,-0.5
/Volumes/Expansion 1/DTM_UNZIP/LIDAR2016to18_DTM-LkErie-F/1km174010473302017LLAKEERIE.img,7019,Transverse_Mercator,,,,,meters,1,401000.0,0.5,0.0,4734000.0,0.0,-0.5
/Volumes/Expansion 1/DTM_UNZIP/LIDAR2016to18_DTM-LkErie-G/1km174410470502017LLAKEERIE.img,7019,Transverse_Mercator,,,,,meters,1,441000.0,0.5,0.0,4706000.0,0.0,-0.5
/Volumes/Expansion 1/DTM_UNZIP/LIDAR2016to18_DTM-LkErie-H/1km174410473402017LLAKEERIE.img,7019,Transverse_Mercator,,,,,meters,1,441000.0,0.5,0.0,4735000.0,0.0,-0.5
/Volumes/Expansion 1/DTM_UNZIP/LIDAR2016to18_DTM-LkErie-I/1km174730473402017LLAKEERIE.img,7019,Transverse_Mercator,,,,,meters,1,473000.0,0.5,0.0,4735000.0,0.0,-0.5
/Volumes/Expansion 1/DTM_UNZIP/LIDAR2016to18_DTM-LkErie-J/1km175020472302017LLAKEERIE.img,7019,Transverse_Mercator,,,,,meters,1,502000.0,0.5,0.0,4724000.0,0.0,-0.5
/Volumes/Expansion 1/DTM_UNZIP/LIDAR2016to18_DTM-LkErie-K/1km175330471302017LLAKEERIE.img,7019,Transverse_Mercator,,,,,meters,1,533040.0,0.5,0.0,4714000.0,0.0,-0.5
/Volumes/Expansion 1/DTM_UNZIP/LIDAR2016to18_DTM-LkErie-L/1km174950476802017LLAKEERIE.img,7019,Transverse_Mercator,,,,,meters,1,495000.0,0.5,0.0,4769000.0,0.0,-0.5
/Volumes/Expansion 1/DTM_UNZIP/LIDAR2016to18_DTM-LkErie-M/1km174640476802017LLAKEERIE.img,7019,Transverse_Mercator,,,,,meters,1,464414.5,0.5,0.0,4768737.5,0.0,-0.5
/Volumes/Expansion 1/DTM_UNZIP/LIDAR2016to18_DTM-LkErie-N/1km174950477602017LLAKEERIE.img,7019,Transverse_Mercator,,,,,meters,1,495000.0,0.5,0.0,4777000.0,0.0,-0.5
/Volumes/Expansion 1/DTM_UNZIP/LIDAR2016to18_DTM-LkErie-O/1km175330474802017LLAKEERIE.img,7019,Transverse_Mercator,,,,,meters,1,533000.0,0.5,0.0,4749000.0,0.0,-0.5
/Volumes/Expansion 1/DTM_UNZIP/LIDAR2016to18_DTM-LkErie-P/1km175660473602017LLAKEERIE.img,7019,Transverse_Mercator,,,,,meters,1,566000.0,0.5,0.0,4737000.0,0.0,-0.5
/Volumes/Expansion 1/DTM_UNZIP/LIDAR2016to18_DTM-LkErie-Q/1km175620477602017LLAKEERIE.img,7019,Transverse_Mercator,,,,,meters,1,562000.0,0.5,0.0,4777000.0,0.0,-0.5
/Volumes/Expansion 1/DTM_UNZIP/LIDAR2016to18_DTM-LkErie-R/1km175430477602017LLAKEERIE.img,7019,Transverse_Mercator,,,,,meters,1,543000.0,0.5,0.0,4777000.0,0.0,-0.5
/Volumes/Expansion 1/DTM_UNZIP/LIDAR2016to18_DTM-LkErie-S/1km175220477602017LLAKEERIE.img,7019,Transverse_Mercator,,,,,meters,1,522000.0,0.5,0.0,4777000.0,0.0,-0.5
/Volumes/Expansion 1/DTM_UNZIP/LIDAR2016to18_DTM-LkErie-T/1km175240485902017LLAKEERIE.img,7019,Transverse_Mercator,,,,,meters,1,524682.5,0.5,0.0,4859383.5,0.0,-0.5
/Volumes/Expansion 1/DTM_UNZIP/LIDAR2016to18_DTM-LkErie-U/1km174790481202018LLAKEERIE.img,7019,Transverse_Mercator,,,,,meters,1,479204.0,0.5,0.0,4812564.0,0.0,-0.5
/Volumes/Expansion 1/DTM_UNZIP/LIDAR2016to18_DTM-LkErie-V/1km175220481802018LLAKEERIE.img,7019,Transverse_Mercator,,,,,meters,1,522000.0,0.5,0.0,4819000.0,0.0,-0.5
/Volumes/Expansion 1/DTM_UNZIP/LIDAR2016to18_DTM-LkErie-W/1km175430481802018LLAKEERIE.img,7019,Transverse_Mercator,,,,,meters,1,543000.0,0.5,0.0,4819000.0,0.0,-0.5
/Volumes/Expansion 1/DTM_UNZIP/LIDAR2016to18_DTM-LkErie-X/1km175620480702017LLAKEERIE.img,7019,Transverse_Mercator,,,,,meters,1,562000.0,0.5,0.0,4808000.0,0.0,-0.5
/Volumes/Expansion 1/DTM_UNZIP/LIDAR2016to18_DTM-Ptbo-A/1km176710487402016LPETERBOROUGH.img,7019,Transverse_Mercator,,,,,meters,1,671720.0,0.5,0.0,4875000.0,0.0,-0.5
/Volumes/Expansion 1/DTM_UNZIP/LIDAR2016to18_DTM-Ptbo-B/1km177060486902016LPETERBOROUGH.img,7019,Transverse_Mercator,,,,,meters,1,706000.0,0.5,0.0,4870000.0,0.0,-0.5
/Volumes/Expansion 1/DTM_UNZIP/LIDAR2016to18_DTM-Ptbo-C/1km177400487602017LPETERBOROUGH.img,7019,Transverse_Mercator,,,,,meters,1,740000.0,0.5,0.0,4877000.0,0.0,-0.5
/Volumes/Expansion 1/DTM_UNZIP/LIDAR2016to18_DTM-Ptbo-D/1km176930490202016LPETERBOROUGH.img,7019,Transverse_Mercator,,,,,meters,1,693000.0,0.5,0.0,4903000.0,0.0,-0.5
/Volumes/Expansion 1/DTM_UNZIP/LIDAR2016to18_DTM-Ptbo-E/1km177390490502017LPETERBOROUGH.img,7019,Transverse_Mercator,,,,,Degree,0.0174532925199433,739000.0,0.5,0.0,4906000.0,0.0,-0.5
/Volumes/Expansion 1/DTM_UNZIP/LIDAR2016to18_DTM-Ptbo-F/1km177400490702017LPETERBOROUGH.img,7019,Transverse_Mercator,,,,,meters,1,740000.0,0.5,0.0,4908000.0,0.0,-0.5
/Volumes/Expansion 1/DTM_UNZIP/LIDAR2016to18_DTM-Ptbo-G/1km176850496102016LPETERBOROUGH.img,7019,Transverse_Mercator,,,,,meters,1,685744.5,0.5,0.0,4962000.0,0.0,-0.5
/Volumes/Expansion 1/DTM_UNZIP/LIDAR2016to18_DTM-Ptbo-H/1km177110493202017LPETERBOROUGH.img,7019,Transverse_Mercator,,,,,Degree,0.0174532925199433,711000.0,0.5,0.0,4933000.0,0.0,-0.5
/Volumes/Expansion 1/DTM_UNZIP/LIDAR2016to18_DTM-Ptbo-I/1km177290493202017LPETERBOROUGH.img,7019,Transverse_Mercator,,,,,Degree,0.0174532925199433,729000.0,0.5,0.0,4933000.0,0.0,-0.5
/Volumes/Expansion 1/DTM_UNZIP/LakeHuron-DTM-A/1km173820474802022LLAKEHURON_DTM.tif,7019,Transverse_Mercator,,,,,,,382994.0,0.5,0.0,4748592.0,0.0,-0.5
/Volumes/Expansion 1/DTM_UNZIP/LakeHuron-DTM-B/1km174150475502022LLAKEHURON_DTM.tif,7019,Transverse_Mercator,,,,,,,415000.0,0.5,0.0,4756000.0,0.0,-0.5
/Volumes/Expansion 1/DTM_UNZIP/LakeHuron-DTM-C/1km174360475602022LLAKEHURON_DTM.tif,7019,Transverse_Mercator,,,,,,,436000.0,0.5,0.0,4757000.0,0.0,-0.5
/Volumes/Expansion 1/DTM_UNZIP/LakeHuron-DTM-D/1km174560475502022LLAKEHURON_DTM.tif,7019,Transverse_Mercator,,,,,,,456000.0,0.5,0.0,4756000.0,0.0,-0.5
/Volumes/Expansion 1/DTM_UNZIP/LakeHuron-DTM-E/1km174230478602022LLAKEHURON_DTM.tif,7019,Transverse_Mercator,,,,,,,423234.5,0.5,0.0,4786343.0,0.0,-0.5
/Volumes/Expansion 1/DTM_UNZIP/LakeHuron-DTM-F/1km174600478602022LLAKEHURON_DTM.tif,7019,Transverse_Mercator,,,,,,,460000.0,0.5,0.0,4787000.0,0.0,-0.5
/Volumes/Expansion 1/DTM_UNZIP/LakeHuron-DTM-G/1km174410481002022LLAKEHURON_DTM.tif,7019,Transverse_Mercator,,,,,,,441671.0,0.5,0.0,4811000.0,0.0,-0.5
/Volumes/Expansion 1/DTM_UNZIP/LakeHuron-DTM-H/1km174640481002022LLAKEHURON_DTM.tif,7019,Transverse_Mercator,,,,,,,464000.0,0.5,0.0,4811000.0,0.0,-0.5
/Volumes/Expansion 1/DTM_UNZIP/LakeNipissing-DTM-A/1km174920508402020LLAKENIPISSING_DTM.tif,7019,Transverse_Mercator,,,,,,,492000.0,0.5,0.0,5085000.0,0.0,-0.5
/Volumes/Expansion 1/DTM_UNZIP/LakeNipissing-DTM-B/1km175140509002020LLAKENIPISSING_DTM.tif,7019,Transverse_Mercator,,,,,,,514000.0,0.5,0.0,5091000.0,0.0,-0.5
/Volumes/Expansion 1/DTM_UNZIP/LakeNipissing-DTM-C/1km175380509302020LLAKENIPISSING_DTM.tif,7019,Transverse_Mercator,,,,,,,538000.0,0.5,0.0,5094000.0,0.0,-0.5
/Volumes/Expansion 1/DTM_UNZIP/LakeNipissing-DTM-D/1km175540509502020LLAKENIPISSING_DTM.tif,7019,Transverse_Mercator,,,,,,,554000.0,0.5,0.0,5096000.0,0.0,-0.5
/Volumes/Expansion 1/DTM_UNZIP/LakeNipissing-DTM-E/1km175360512002020LLAKENIPISSING_DTM.tif,7019,Transverse_Mercator,,,,,,,536000.0,0.5,0.0,5121000.0,0.0,-0.5
/Volumes/Expansion 1/DTM_UNZIP/LakeNipissing-DTM-F/1km175560511202020LLAKENIPISSING_DTM.tif,7019,Transverse_Mercator,,,,,,,556000.0,0.5,0.0,5113000.0,0.0,-0.5
/Volumes/Expansion 1/DTM_UNZIP/LakeNipissing-DTM-G/1km175750510602020LLAKENIPISSING_DTM.tif,7019,Transverse_Mercator,,,,,,,575000.0,0.5,0.0,5107000.0,0.0,-0.5
/Volumes/Expansion 1/DTM_UNZIP/LakeNipissing-DTM-H/1km175950510702020LLAKENIPISSING_DTM.tif,7019,Transverse_Mercator,,,,,,,595000.0,0.5,0.0,5108000.0,0.0,-0.5
/Volumes/Expansion 1/DTM_UNZIP/LakeNipissing-DTM-I/1km176150509302020LLAKENIPISSING_DTM.tif,7019,Transverse_Mercator,,,,,,,615000.0,0.5,0.0,5094000.0,0.0,-0.5
/Volumes/Expansion 1/DTM_UNZIP/LakeNipissing-DTM-J/1km176330509502020LLAKENIPISSING_DTM.tif,7019,Transverse_Mercator,,,,,,,633000.0,0.5,0.0,5096000.0,0.0,-0.5
/Volumes/Expansion 1/DTM_UNZIP/LakeNipissing-DTM-K/1km176150511002020LLAKENIPISSING_DTM.tif,7019,Transverse_Mercator,,,,,,,615000.0,0.5,0.0,5111000.0,0.0,-0.5
/Volumes/Expansion 1/DTM_UNZIP/LakeNipissing-DTM-L/1km176380511702020LLAKENIPISSING_DTM.tif,7019,Transverse_Mercator,,,,,,,638000.0,0.5,0.0,5118000.0,0.0,-0.5
/Volumes/Expansion 1/DTM_UNZIP/LakeNipissing-DTM-M/1km176520511402020LLAKENIPISSING_DTM.tif,7019,Transverse_Mercator,,,,,,,652000.0,0.5,0.0,5115000.0,0.0,-0.5
/Volumes/Expansion 1/DTM_UNZIP/LakeNipissing-DTM-N/1km176660511302020LLAKENIPISSING_DTM.tif,7019,Transverse_Mercator,,,,,,,666000.0,0.5,0.0,5114000.0,0.0,-0.5
/Volumes/Expansion 1/DTM_UNZIP/LakeNipissing-DTM-O/1km175360514202020LLAKENIPISSING_DTM.tif,7019,Transverse_Mercator,,,,,,,536000.0,0.5,0.0,5143000.0,0.0,-0.5
/Volumes/Expansion 1/DTM_UNZIP/LakeNipissing-DTM-P/1km175560512902020LLAKENIPISSING_DTM.tif,7019,Transverse_Mercator,,,,,,,556000.0,0.5,0.0,5130000.0,0.0,-0.5
/Volumes/Expansion 1/DTM_UNZIP/LakeNipissing-DTM-Q/1km175760512602020LLAKENIPISSING_DTM.tif,7019,Transverse_Mercator,,,,,,,576000.0,0.5,0.0,5127000.0,0.0,-0.5
/Volumes/Expansion 1/DTM_UNZIP/LakeNipissing-DTM-R/1km175940512902020LLAKENIPISSING_DTM.tif,7019,Transverse_Mercator,,,,,,,594000.0,0.5,0.0,5130000.0,0.0,-0.5
/Volumes/Expansion 1/DTM_UNZIP/LakeNipissing-DTM-S/1km176150513102020LLAKENIPISSING_DTM.tif,7019,Transverse_Mercator,,,,,,,615000.0,0.5,0.0,5132000.0,0.0,-0.5
/Volumes/Expansion 1/DTM_UNZIP/LakeNipissing-DTM-T/1km176150514002020LLAKENIPISSING_DTM.tif,7019,Transverse_Mercator,,,,,,,615000.0,0.5,0.0,5141000.0,0.0,-0.5
/Volumes/Expansion 1/DTM_UNZIP/LakeNipissing-DTM-U/1km175220514902020LLAKENIPISSING_DTM.tif,7019,Transverse_Mercator,,,,,,,522000.0,0.5,0.0,5150000.0,0.0,-0.5
/Volumes/Expansion 1/DTM_UNZIP/LakeNipissing-DTM-V/1km175520514402020LLAKENIPISSING_DTM.tif,7019,Transverse_Mercator,,,,,,,552000.0,0.5,0.0,5145000.0,0.0,-0.5
/Volumes/Expansion 1/DTM_UNZIP/LakeSimcoe-DTM-A/1km175980491502022LLAKESIMCOE_DTM.tif,7019,Transverse_Mercator,,,,,,,598946.0,0.5,0.0,4916000.0,0.0,-0.5
/Volumes/Expansion 1/DTM_UNZIP/LakeSimcoe-DTM-B/1km176030492002022LLAKESIMCOE_DTM.tif,7019,Transverse_Mercator,,,,,,,603003.0,0.5,0.0,4920474.0,0.0,-0.5
/Volumes/Expansion 1/DTM_UNZIP/LakeSimcoe-DTM-C/1km176330491402022LLAKESIMCOE_DTM.tif,7019,Transverse_Mercator,,,,,,,633949.0,0.5,0.0,4915000.0,0.0,-0.5
/Volumes/Expansion 1/DTM_UNZIP/LakeSimcoe-DTM-D/1km176370489202022LLAKESIMCOE_DTM.tif,7019,Transverse_Mercator,,,,,,,637961.0,0.5,0.0,4893000.0,0.0,-0.5
/Volumes/Expansion 1/DTM_UNZIP/Muskoka-2018-CGVD2013-DTM/1km175930500502018LMuskoka_CGVD2013_DTM.tif,7019,Transverse_Mercator,,,,,,,592999.9999999986,1.0,0.0,5006000.0,0.0,-1.0
/Volumes/Expansion 1/DTM_UNZIP/Muskoka-2018-CGVD28-DTM/1km175930500502018LMuskoka_CGVD28_DTM.tif,7019,Transverse_Mercator,,,,,,,593000.0,1.0,0.0,5006000.0,0.0,-1.0
/Volumes/Expansion 1/DTM_UNZIP/Muskoka-2021-CGVD2013-DTM/1km175690499402021LMuskoka_CGVD2013_DTM.tif,7019,Transverse_Mercator,,,,,,,568999.9999999997,1.0,0.0,4994999.999999999,0.0,-1.0
/Volumes/Expansion 1/DTM_UNZIP/Muskoka-2021-CGVD28-DTM/1km175690499402021LMuskoka_CGVD28_DTM.tif,7019,Transverse_Mercator,,,,,,,569000.0,1.0,0.0,4995000.0,0.0,-1.0
/Volumes/Expansion 1/DTM_UNZIP/Muskoka-2023-CGVD2013-DTM-1/1km176040497002023LMuskoka_CGVD2013_DTM.tif,7019,Transverse_Mercator,,,,,,,604595.0,1.0,0.0,4971000.0,0.0,-1.0
/Volumes/Expansion 1/DTM_UNZIP/Muskoka-2023-CGVD2013-DTM-2/1km176140502502023LMuskoka_CGVD2013_DTM.tif,7019,Transverse_Mercator,,,,,,,614962.0,1.0,0.0,5025871.999999999,0.0,-1.0
/Volumes/Expansion 1/DTM_UNZIP/Muskoka-2023-CGVD28-DTM-1/1km176040497002023LMuskoka_CGVD28_DTM.tif,7019,Transverse_Mercator,,,,,,,604595.0,1.0,0.0,4971000.0,0.0,-1.0
/Volumes/Expansion 1/DTM_UNZIP/Muskoka-2023-CGVD28-DTM-2/1km176140502502023LMuskoka_CGVD28_DTM.tif,7019,Transverse_Mercator,,,,,,,614962.0,1.0,0.0,5025872.0,0.0,-1.0
/Volumes/Expansion 1/DTM_UNZIP/OttawaGatineau-DTM-A/1km183970503502020LOTTAWAGATINEAU_DTM.tif,7019,Transverse_Mercator,,,,,,,397000.0,0.5,0.0,5036000.0,0.0,-0.5
/Volumes/Expansion 1/DTM_UNZIP/OttawaGatineau-DTM-B/1km184110504102020LOTTAWAGATINEAU_DTM.tif,7019,Transverse_Mercator,,,,,,,411000.0,0.5,0.0,5042000.0,0.0,-0.5
/Volumes/Expansion 1/DTM_UNZIP/OttawaGatineau-DTM-C/1km184250503402020LOTTAWAGATINEAU_DTM.tif,7019,Transverse_Mercator,,,,,,,425000.0,0.5,0.0,5035000.0,0.0,-0.5
/Volumes/Expansion 1/DTM_UNZIP/OttawaGatineau-DTM-D/1km184350502302020LOTTAWAGATINEAU_DTM.tif,7019,Transverse_Mercator,,,,,,,435000.0,0.5,0.0,5024000.0,0.0,-0.5
/Volumes/Expansion 1/DTM_UNZIP/OttawaGatineau-DTM-E/1km184510503602020LOTTAWAGATINEAU_DTM.tif,7019,Transverse_Mercator,,,,,,,451000.0,0.5,0.0,5037000.0,0.0,-0.5
/Volumes/Expansion 1/DTM_UNZIP/OttawaGatineau-DTM-F/1km183910502802020LOTTAWAGATINEAU_DTM.tif,7019,Transverse_Mercator,,,,,,,391000.0,0.5,0.0,5029000.0,0.0,-0.5
/Volumes/Expansion 1/DTM_UNZIP/OttawaGatineau-DTM-G/1km184120502002020LOTTAWAGATINEAU_DTM.tif,7019,Transverse_Mercator,,,,,,,412000.0,0.5,0.0,5021000.0,0.0,-0.5
/Volumes/Expansion 1/DTM_UNZIP/OttawaGatineau-DTM-H/1km184290502002020LOTTAWAGATINEAU_DTM.tif,7019,Transverse_Mercator,,,,,,,429000.0,0.5,0.0,5021000.0,0.0,-0.5
/Volumes/Expansion 1/DTM_UNZIP/OttawaGatineau-DTM-I/1km184550502002020LOTTAWAGATINEAU_DTM.tif,7019,Transverse_Mercator,,,,,,,455000.0,0.5,0.0,5021000.0,0.0,-0.5
/Volumes/Expansion 1/DTM_UNZIP/OttawaGatineau-DTM-J/1km184680502002020LOTTAWAGATINEAU_DTM.tif,7019,Transverse_Mercator,,,,,,,468000.0,0.5,0.0,5021000.0,0.0,-0.5
/Volumes/Expansion 1/DTM_UNZIP/OttawaGatineau-DTM-K/1km184000501902020LOTTAWAGATINEAU_DTM.tif,7019,Transverse_Mercator,,,,,,,400000.0,0.5,0.0,5020000.0,0.0,-0.5
/Volumes/Expansion 1/DTM_UNZIP/OttawaGatineau-DTM-L/1km184240500102020LOTTAWAGATINEAU_DTM.tif,7019,Transverse_Mercator,,,,,,,424000.0,0.5,0.0,5002000.0,0.0,-0.5
/Volumes/Expansion 1/DTM_UNZIP/OttawaGatineau-DTM-M/1km184390500102020LOTTAWAGATINEAU_DTM.tif,7019,Transverse_Mercator,,,,,,,439000.0,0.5,0.0,5002000.0,0.0,-0.5
/Volumes/Expansion 1/DTM_UNZIP/OttawaGatineau-DTM-N/1km184540500402020LOTTAWAGATINEAU_DTM.tif,7019,Transverse_Mercator,,,,,,,454000.0,0.5,0.0,5005000.0,0.0,-0.5
/Volumes/Expansion 1/DTM_UNZIP/OttawaGatineau-DTM-O/1km184160500002020LOTTAWAGATINEAU_DTM.tif,7019,Transverse_Mercator,,,,,,,416000.0,0.5,0.0,5001000.0,0.0,-0.5
/Volumes/Expansion 1/DTM_UNZIP/OttawaGatineau-DTM-P/1km184370497902020LOTTAWAGATINEAU_DTM.tif,7019,Transverse_Mercator,,,,,,,437000.0,0.5,0.0,4980000.0,0.0,-0.5
/Volumes/Expansion 1/DTM_UNZIP/OttawaGatineau-DTM-Q/1km184540499102020LOTTAWAGATINEAU_DTM.tif,7019,Transverse_Mercator,,,,,,,454000.0,0.5,0.0,4992000.0,0.0,-0.5
/Volumes/Expansion 1/DTM_UNZIP/OttawaRiver-DTM-A/1km18296050560LOTTAWARIVER_DTM.tif,7019,Transverse_Mercator,,,,,Degree,0.0174532925199433,296000.0,0.5,0.0,5057000.0,0.0,-0.5
/Volumes/Expansion 1/DTM_UNZIP/OttawaRiver-DTM-B/1km18319050790LOTTAWARIVER_DTM.tif,7019,Transverse_Mercator,,,,,Degree,0.0174532925199433,319000.0,0.5,0.0,5080000.0,0.0,-0.5
/Volumes/Expansion 1/DTM_UNZIP/OttawaRiver-DTM-C/1km18337050750LOTTAWARIVER_DTM.tif,7019,Transverse_Mercator,,,,,Degree,0.0174532925199433,337000.0,0.5,0.0,5076000.0,0.0,-0.5
/Volumes/Expansion 1/DTM_UNZIP/OttawaRiver-DTM-D/1km18324050740LOTTAWARIVER_DTM.tif,7019,Transverse_Mercator,,,,,Degree,0.0174532925199433,324000.0,0.5,0.0,5075000.0,0.0,-0.5
/Volumes/Expansion 1/DTM_UNZIP/OttawaRiver-DTM-E/1km18350050570LOTTAWARIVER_DTM.tif,7019,Transverse_Mercator,,,,,Degree,0.0174532925199433,350000.0,0.5,0.0,5058000.0,0.0,-0.5
/Volumes/Expansion 1/DTM_UNZIP/OttawaRiver-DTM-F/1km18364050570LOTTAWARIVER_DTM.tif,7019,Transverse_Mercator,,,,,Degree,0.0174532925199433,364000.0,0.5,0.0,5058000.0,0.0,-0.5
/Volumes/Expansion 1/DTM_UNZIP/OttawaRiver-DTM-G/1km18325050450LOTTAWARIVER_DTM.tif,7019,Transverse_Mercator,,,,,Degree,0.0174532925199433,325000.0,0.5,0.0,5046000.0,0.0,-0.5
/Volumes/Expansion 1/DTM_UNZIP/OttawaRiver-DTM-H/1km18345050370LOTTAWARIVER_DTM.tif,7019,Transverse_Mercator,,,,,Degree,0.0174532925199433,345000.0,0.5,0.0,5038000.0,0.0,-0.5
/Volumes/Expansion 1/DTM_UNZIP/OttawaRiver-DTM-I/1km18360050370LOTTAWARIVER_DTM.tif,7019,Transverse_Mercator,,,,,Degree,0.0174532925199433,360000.0,0.5,0.0,5038000.0,0.0,-0.5
/Volumes/Expansion 1/DTM_UNZIP/OttawaRiver-DTM-J/1km18374050520LOTTAWARIVER_DTM.tif,7019,Transverse_Mercator,,,,,Degree,0.0174532925199433,374000.0,0.5,0.0,5053000.0,0.0,-0.5
/Volumes/Expansion 1/DTM_UNZIP/OttawaRiver-DTM-K/1km18374050430LOTTAWARIVER_DTM.tif,7019,Transverse_Mercator,,,,,Degree,0.0174532925199433,374000.0,0.5,0.0,5044000.0,0.0,-0.5
/Volumes/Expansion 1/DTM_UNZIP/OttawaRiver-DTM-L/1km18374050350LOTTAWARIVER_DTM.tif,7019,Transverse_Mercator,,,,,Degree,0.0174532925199433,374000.0,0.5,0.0,5036000.0,0.0,-0.5
/Volumes/Expansion 1/DTM_UNZIP/OttawaRiver-DTM-M/1km18396050170LOTTAWARIVER_DTM.tif,7019,Transverse_Mercator,,,,,Degree,0.0174532925199433,396000.0,0.5,0.0,5018000.0,0.0,-0.5
/Volumes/Expansion 1/DTM_UNZIP/OttawaRiver-DTM-N/OttawaRiver-DTM-N/1km18415050610LOTTAWARIVER_DTM.tif,7019,Transverse_Mercator,,,,,Degree,0.0174532925199433,415000.0,0.5,0.0,5062000.0,0.0,-0.5
/Volumes/Expansion 1/DTM_UNZIP/OttawaRiver-DTM-O/OttawaRiver-DTM-O/1km18410050590LOTTAWARIVER_DTM.tif,7019,Transverse_Mercator,,,,,Degree,0.0174532925199433,410000.0,0.5,0.0,5060000.0,0.0,-0.5
/Volumes/Expansion 1/DTM_UNZIP/OttawaRiver-DTM-P/1km18441050420LOTTAWARIVER_DTM.tif,7019,Transverse_Mercator,,,,,Degree,0.0174532925199433,441000.0,0.5,0.0,5043000.0,0.0,-0.5
/Volumes/Expansion 1/DTM_UNZIP/OttawaRiver-DTM-Q/1km18457050480LOTTAWARIVER_DTM.tif,7019,Transverse_Mercator,,,,,Degree,0.0174532925199433,457000.0,0.5,0.0,5049000.0,0.0,-0.5
/Volumes/Expansion 1/DTM_UNZIP/OttawaRiver-DTM-R/1km18474050410LOTTAWARIVER_DTM.tif,7019,Transverse_Mercator,,,,,Degree,0.0174532925199433,474000.0,0.5,0.0,5042000.0,0.0,-0.5
/Volumes/Expansion 1/DTM_UNZIP/OttawaRiver-DTM-S/1km18492050280LOTTAWARIVER_DTM.tif,7019,Transverse_Mercator,,,,,Degree,0.0174532925199433,492000.0,0.5,0.0,5029000.0,0.0,-0.5
/Volumes/Expansion 1/DTM_UNZIP/OttawaRiver-DTM-T/1km18484050460LOTTAWARIVER_DTM.tif,7019,Transverse_Mercator,,,,,Degree,0.0174532925199433,484000.0,0.5,0.0,5047000.0,0.0,-0.5
/Volumes/Expansion 1/DTM_UNZIP/OttawaRiver-DTM-U/1km18506050490LOTTAWARIVER_DTM.tif,7019,Transverse_Mercator,,,,,Degree,0.0174532925199433,506000.0,0.5,0.0,5050000.0,0.0,-0.5
/Volumes/Expansion 1/DTM_UNZIP/SaultSteMarie-DTM-01/1km173430510802023LSAULTSTEMARIE_DTM.tif,7019,Transverse_Mercator,,,,,,,343000.0,0.5,0.0,5109000.0,0.0,-0.5
/Volumes/Expansion 1/DTM_UNZIP/SaultSteMarie-DTM-02/1km173650511102023LSAULTSTEMARIE_DTM.tif,7019,Transverse_Mercator,,,,,,,365000.0,0.5,0.0,5112000.0,0.0,-0.5
/Volumes/Expansion 1/DTM_UNZIP/SaultSteMarie-DTM-03/1km173820511002023LSAULTSTEMARIE_DTM.tif,7019,Transverse_Mercator,,,,,,,382000.0,0.5,0.0,5111000.0,0.0,-0.5
/Volumes/Expansion 1/DTM_UNZIP/SaultSteMarie-DTM-04/1km173990510402023LSAULTSTEMARIE_DTM.tif,7019,Transverse_Mercator,,,,,,,399000.0,0.5,0.0,5105000.0,0.0,-0.5
/Volumes/Expansion 1/DTM_UNZIP/SaultSteMarie-DTM-05/1km174130510402023LSAULTSTEMARIE_DTM.tif,7019,Transverse_Mercator,,,,,,,413000.0,0.5,0.0,5105000.0,0.0,-0.5
/Volumes/Expansion 1/DTM_UNZIP/SaultSteMarie-DTM-06/1km174250510202023LSAULTSTEMARIE_DTM.tif,7019,Transverse_Mercator,,,,,,,425000.0,0.5,0.0,5103000.0,0.0,-0.5
/Volumes/Expansion 1/DTM_UNZIP/SaultSteMarie-DTM-07/1km173400513802023LSAULTSTEMARIE_DTM.tif,7019,Transverse_Mercator,,,,,,,340000.0,0.5,0.0,5139000.0,0.0,-0.5
/Volumes/Expansion 1/DTM_UNZIP/SaultSteMarie-DTM-08/1km173570513202023LSAULTSTEMARIE_DTM.tif,7019,Transverse_Mercator,,,,,,,357000.0,0.5,0.0,5133000.0,0.0,-0.5
/Volumes/Expansion 1/DTM_UNZIP/SaultSteMarie-DTM-09/1km173730513202023LSAULTSTEMARIE_DTM.tif,7019,Transverse_Mercator,,,,,,,373000.0,0.5,0.0,5133000.0,0.0,-0.5
/Volumes/Expansion 1/DTM_UNZIP/SouthNationConservation_DTM-A/1km184440494702018LSNC_DTM.img,7019,Transverse_Mercator,,,,,meters,1,444938.5,0.5,0.0,4947403.0,0.0,-0.5
/Volumes/Expansion 1/DTM_UNZIP/Sudbury-DTM-01/1km174360511502023LSUDBURY_DTM.tif,7019,Transverse_Mercator,,,,,,,436000.0,0.5,0.0,5116000.0,0.0,-0.5
/Volumes/Expansion 1/DTM_UNZIP/Sudbury-DTM-02/1km174540512202023LSUDBURY_DTM.tif,7019,Transverse_Mercator,,,,,,,454000.0,0.5,0.0,5123000.0,0.0,-0.5
/Volumes/Expansion 1/DTM_UNZIP/Sudbury-DTM-03/1km174740512202023LSUDBURY_DTM.tif,7019,Transverse_Mercator,,,,,,,474000.0,0.5,0.0,5123000.0,0.0,-0.5
/Volumes/Expansion 1/DTM_UNZIP/Sudbury-DTM-04/1km174930512902023LSUDBURY_DTM.tif,7019,Transverse_Mercator,,,,,,,493000.0,0.5,0.0,5130000.0,0.0,-0.5
/Volumes/Expansion 1/DTM_UNZIP/Sudbury-DTM-05/1km174540514702023LSUDBURY_DTM.tif,7019,Transverse_Mercator,,,,,,,454000.0,0.5,0.0,5148000.0,0.0,-0.5
/Volumes/Expansion 1/DTM_UNZIP/Sudbury-DTM-06/1km174760514502023LSUDBURY_DTM.tif,7019,Transverse_Mercator,,,,,,,476000.0,0.5,0.0,5146000.0,0.0,-0.5
/Volumes/Expansion 1/DTM_UNZIP/Sudbury-DTM-07/1km174950514502023LSUDBURY_DTM.tif,7019,Transverse_Mercator,,,,,,,495000.0,0.5,0.0,5146000.0,0.0,-0.5
/Volumes/Expansion 1/DTM_UNZIP/Sudbury-DTM-08/1km175140514502023LSUDBURY_DTM.tif,7019,Transverse_Mercator,,,,,,,514000.0,0.5,0.0,5146000.0,0.0,-0.5
/Volumes/Expansion 1/DTM_UNZIP/Sudbury-DTM-14/1km175320518402023LSUDBURY_DTM.tif,7019,Transverse_Mercator,,,,,,,532000.0,0.5,0.0,5185000.0,0.0,-0.5
/Volumes/Expansion 1/DTM_UNZIP/York-LakeSimcoe-DTM-A/1km175970486702019LLAKESIMCOE_DTM.tif,7019,Transverse_Mercator,,,,,Degree,0.0174532925199433,597000.0,0.5,0.0,4868000.0,0.0,-0.5
/Volumes/Expansion 1/DTM_UNZIP/York-LakeSimcoe-DTM-B/1km176110487902019LLAKESIMCOE_DTM.tif,7019,Transverse_Mercator,,,,,Degree,0.0174532925199433,611000.0,0.5,0.0,4880000.0,0.0,-0.5
/Volumes/Expansion 1/DTM_UNZIP/York-LakeSimcoe-DTM-C/1km176170489402019LLAKESIMCOE_DTM.tif,7019,Transverse_Mercator,,,,,Degree,0.0174532925199433,617000.0,0.5,0.0,4895000.0,0.0,-0.5
/Volumes/Expansion 1/DTM_UNZIP/Sudbury-DTM-09/1km174630518002023LSUDBURY_DTM.tif,7019,Transverse_Mercator,,,,,,,463000.0,0.5,0.0,5181000.0,0.0,-0.5
/Volumes/Expansion 1/DTM_UNZIP/Sudbury-DTM-10/1km174780516802023LSUDBURY_DTM.tif,7019,Transverse_Mercator,,,,,,,478000.0,0.5,0.0,5169000.0,0.0,-0.5
/Volumes/Expansion 1/DTM_UNZIP/Sudbury-DTM-11/1km174930517102023LSUDBURY_DTM.tif,7019,Transverse_Mercator,,,,,,,493000.0,0.5,0.0,5172000.0,0.0,-0.5
/Volumes/Expansion 1/DTM_UNZIP/Sudbury-DTM-12/1km175080518802023LSUDBURY_DTM.tif,7019,Transverse_Mercator,,,,,,,508000.0,0.5,0.0,5189000.0,0.0,-0.5
/Volumes/Expansion 1/DTM_UNZIP/Sudbury-DTM-13/1km175120519002023LSUDBURY_DTM.tif,7019,Transverse_Mercator,,,,,,,512000.0,0.5,0.0,5191000.0,0.0,-0.5
